profile_url,reason
https://www.linkedin.com/in/abhiraj-yadav-01213333b,HTTP 999
https://www.linkedin.com/in/jonmayhall,HTTP 999
https://www.linkedin.com/in/yalena-young,HTTP 999
https://www.linkedin.com/in/glodymateta,HTTP 999
https://www.linkedin.com/in/rishika-sardana,HTTP 999
https://www.linkedin.com/in/ishivrathore,HTTP 999
https://www.linkedin.com/in/chandra-sagar-b5a370b6,HTTP 999
https://www.linkedin.com/in/harshalrahangdale,HTTP 999
https://www.linkedin.com/in/anshu-patil-58b562208,HTTP 999
https://www.linkedin.com/in/pallavidatta,HTTP 999
https://www.linkedin.com/in/sulabh-jain-676946256,HTTP 999
https://www.linkedin.com/in/shakunthala-m-83326b83,HTTP 999
https://www.linkedin.com/in/abhishek-n-593191236,HTTP 999
https://www.linkedin.com/in/shreya-singh-278321249,HTTP 999
https://www.linkedin.com/in/pooja-thapa-3229a2258,HTTP 999
https://www.linkedin.com/in/digital-rishabh,HTTP 999
https://www.linkedin.com/in/sakshi-bissa-94a571175,HTTP 999
https://www.linkedin.com/in/fhalakkhanna,HTTP 999
https://www.linkedin.com/in/heta-shah-0ab81215a,HTTP 999
https://www.linkedin.com/in/ravi-graham-411792121,HTTP 999
